{"type": "metrics", "dataset": "train", "precision": 0.9354500364532287, "balanced_accuracy": 0.847183658005694, "recall": 0.9303679664009927, "f1_score": 0.9256829618863827}
{"type": "metrics", "dataset": "test", "precision": 0.8132431465695468, "balanced_accuracy": 0.6718919055646488, "recall": 0.8293796636596503, "f1_score": 0.8124266078394415}
{"type": "cm_matrix", "dataset": "train", "true_0": {"predicted_0": 16207, "predicted_1": 21}, "true_1": {"predicted_0": 1438, "predicted_1": 3287}}
{"type": "cm_matrix", "dataset": "test", "true_0": {"predicted_0": 6688, "predicted_1": 385}, "true_1": {"predicted_0": 1147, "predicted_1": 759}}
